<?xml version="1.0" encoding="UTF-8"?>
<feature
      id="net.sourceforge.eclipsejetty.feature"
      label="Eclipse Jetty Feature"
      version="3.9.0"
      provider-name="Christian Köberl">

   <description url="http://eclipse-jetty.github.io/">
      Eclipse Jetty Integration
   </description>

   <copyright>
      Copyright 2009-2013 Christian Köberl, Manfred Hantschel
   </copyright>

   <license url="http://www.apache.org/licenses/LICENSE-2.0.txt">
      sLicensed under the Apache License, Version 2.0 (the &amp;quot;License&amp;quot;);
you may not use this file except in compliance with the License.
You may obtain a copy of the License at

    http://www.apache.org/licenses/LICENSE-2.0

Unless required by applicable law or agreed to in writing, software
distributed under the License is distributed on an &amp;quot;AS IS&amp;quot; BASIS,
WITHOUT WARRANTIES OR CONDITIONS OF ANY KIND, either express or implied.
See the License for the specific language governing permissions and
limitations under the License.
   </license>

   <url>
      <update label="Eclipse Jetty Update Site" url="http://eclipse-jetty.github.io/update/"/>
   </url>

   <plugin
         id="net.sourceforge.eclipsejetty.launcher"
         download-size="5461"
         install-size="6105"
         version="3.9.0"
         unpack="false"/>

</feature>
