<?xml version="1.0" encoding="UTF-8"?>
<!-- 
  - $Id$
  - $HeadURL$
  - 
  - ==============================================================================
  - Licensed under the Apache License, Version 2.0 (the "License"); you may not
  - use this file except in compliance with the License. You may obtain a copy of
  - the License at
  - 
  - http://www.apache.org/licenses/LICENSE-2.0
  - 
  - Unless required by applicable law or agreed to in writing, software
  - distributed under the License is distributed on an "AS IS" BASIS, WITHOUT
  - WARRANTIES OR CONDITIONS OF ANY KIND, either express or implied. See the
  - License for the specific language governing permissions and limitations under
  - the License.
  -->
<feature
      id="runjettyrun_feature_support_jetty9"
      label="RunJettyRun Jetty9 Support (Optional)"
      version="1.3.4"
      provider-name="https://github.com/xzer/run-jetty-run-fork">

   <description url="http://code.google.com/p/run-jetty-run/">
      Run web applications in Eclipse using the Jetty distribution
(9.0.0.M3) embedded in this plug-in.
   </description>

   <copyright>
      Copyright 2011 Tony Wang
   </copyright>

   <license url="http://www.apache.org/licenses/LICENSE-2.0">
      Licensed under the Apache License, Version 2.0 (the &quot;License&quot;);
you may not use this file except in compliance with the License.
You may obtain a copy of the License at
http://www.apache.org/licenses/LICENSE-2.0 Unless required by
applicable law or agreed to in writing, software distributed
under the License is distributed on an &quot;AS IS&quot; BASIS,
WITHOUT WARRANTIES OR CONDITIONS OF ANY KIND, either express
or implied. See the License for the specific language governing
permissions and limitations under the License.
   </license>

   <url>
      <update label="run-jetty-run update site" url="http://xzer.github.io/run-jetty-run-fork/updatesite/current/"/>
   </url>

   <requires>
      <import plugin="org.eclipse.ui"/>
      <import plugin="org.eclipse.core.runtime"/>
      <import plugin="org.eclipse.debug.core"/>
      <import plugin="org.eclipse.debug.ui"/>
      <import plugin="org.eclipse.jdt.debug"/>
      <import plugin="org.eclipse.jdt.debug.ui"/>
      <import plugin="org.eclipse.jdt.launching"/>
      <import plugin="org.eclipse.jdt.core"/>
      <import plugin="org.eclipse.jdt.ui"/>
      <import plugin="org.eclipse.ui.ide"/>
   </requires>

   <plugin
         id="runjettyrun.jetty9"
         download-size="5359"
         install-size="5792"
         version="1.3.4"
         unpack="false"/>

</feature>
